{
  "i18n/i18n.properties": 1751213671167,
  "model/models.js": 1751253873038,
  "model/formatter.js": 1751253895270,
  "controller/homeView.controller.js": 1751253143657,
  "controller/App.controller.js": 1750837907724,
  "manifest.json": 1751226356070,
  "Component.js": 1750837907724,
  "controller/homeView-dbg.controller.js": 1751253143657,
  "controller/homeView.controller.js.map": 1751254329982,
  "model/formatter-dbg.js": 1751253895270,
  "model/formatter.js.map": 1751254329963,
  "model/models-dbg.js": 1751253873038,
  "model/models.js.map": 1751254329983,
  "controller/App-dbg.controller.js": 1750837907724,
  "controller/App.controller.js.map": 1751254329957,
  "Component-dbg.js": 1750837907724,
  "Component.js.map": 1751254329959,
  "Component-preload.js": 1751254330077,
  "Component-preload.js.map": 1751254330077,
  "view/fragment/listLeave.fragment.xml": 1751249354018,
  "view/fragment/list.fragment.xml": 1751213671167,
  "view/fragment/detail.fragment.xml": 1751250911545,
  "view/fragment/createLeave.fragment.xml": 1751249354018,
  "view/fragment/create.fragment.xml": 1751249354018,
  "view/homeView.view.xml": 1751252148820,
  "view/App.view.xml": 1750837907724,
  "css/style.css": 1751174819317,
  "assets/logo.png": 1750924953611,
  "index.html": 1750837907724
}