{
  "controller/homeView-dbg.controller.js": 1751226994520,
  "Component.js": 1750837907724,
  "model/formatter.js": 1751213671167,
  "controller/homeView.controller.js": 1751226994520,
  "controller/App.controller.js": 1750837907724,
  "manifest.json": 1751226356070,
  "model/models.js": 1751226529074,
  "Component-dbg.js": 1750837907724,
  "Component.js.map": 1751227028805,
  "model/formatter-dbg.js": 1751213671167,
  "model/formatter.js.map": 1751227028793,
  "i18n/i18n.properties": 1751213671167,
  "controller/homeView.controller.js.map": 1751227028825,
  "controller/App-dbg.controller.js": 1750837907724,
  "controller/App.controller.js.map": 1751227028792,
  "model/models-dbg.js": 1751226529074,
  "model/models.js.map": 1751227028807,
  "Component-preload.js": 1751227028923,
  "Component-preload.js.map": 1751227028923,
  "view/fragment/listLeave.fragment.xml": 1751225218823,
  "view/fragment/list.fragment.xml": 1751213671167,
  "view/fragment/detail.fragment.xml": 1751225243611,
  "view/fragment/createLeave.fragment.xml": 1751225264647,
  "view/fragment/create.fragment.xml": 1751225276311,
  "view/homeView.view.xml": 1751213671167,
  "view/App.view.xml": 1750837907724,
  "css/style.css": 1751174819317,
  "assets/logo.png": 1750924953611,
  "index.html": 1750837907724
}