{
  "controller/App-dbg.controller.js": 1750837907724,
  "controller/App.controller.js": 1750837907724,
  "model/formatter.js": 1750997021635,
  "controller/homeView.controller.js": 1751017610563,
  "model/models.js": 1751009132668,
  "manifest.json": 1750837907724,
  "Component.js": 1750837907724,
  "Component-dbg.js": 1750837907724,
  "Component.js.map": 1751018219910,
  "model/formatter-dbg.js": 1750997021635,
  "model/formatter.js.map": 1751018219919,
  "controller/homeView-dbg.controller.js": 1751017610563,
  "controller/homeView.controller.js.map": 1751018219939,
  "model/models-dbg.js": 1751009132668,
  "model/models.js.map": 1751018219923,
  "i18n/i18n.properties": 1751016788112,
  "controller/App.controller.js.map": 1751018219912,
  "Component-preload.js": 1751018220027,
  "Component-preload.js.map": 1751018220027,
  "view/fragment/list.fragment.xml": 1751013450002,
  "view/fragment/detail.fragment.xml": 1751015861309,
  "view/fragment/create.fragment.xml": 1751016949457,
  "view/homeView.view.xml": 1750995702207,
  "view/App.view.xml": 1750837907724,
  "css/style.css": 1750994516063,
  "assets/logo.png": 1750924953611,
  "index.html": 1750837907724
}