{
  "model/models.js": 1751256511878,
  "Component.js": 1750837907724,
  "model/formatter.js": 1751253895270,
  "controller/homeView.controller.js": 1751278014403,
  "controller/App.controller.js": 1750837907724,
  "manifest.json": 1751226356070,
  "i18n/i18n.properties": 1751213671167,
  "Component-dbg.js": 1750837907724,
  "Component.js.map": 1751278258687,
  "model/formatter-dbg.js": 1751253895270,
  "model/formatter.js.map": 1751278258676,
  "controller/homeView-dbg.controller.js": 1751278014403,
  "controller/homeView.controller.js.map": 1751278258696,
  "controller/App-dbg.controller.js": 1750837907724,
  "controller/App.controller.js.map": 1751278258678,
  "model/models-dbg.js": 1751256511878,
  "model/models.js.map": 1751278258680,
  "Component-preload.js": 1751278258902,
  "Component-preload.js.map": 1751278258902,
  "view/fragment/listLeave.fragment.xml": 1751277857574,
  "view/fragment/list.fragment.xml": 1751275840617,
  "view/fragment/detail.fragment.xml": 1751250911545,
  "view/fragment/createLeave.fragment.xml": 1751267961059,
  "view/fragment/create.fragment.xml": 1751266852449,
  "view/homeView.view.xml": 1751252148820,
  "view/App.view.xml": 1750837907724,
  "css/style.css": 1751174819317,
  "assets/logo.png": 1750924953611,
  "index.html": 1750837907724
}