{
  "index.html": 1750837907724,
  "controller/App.controller.js": 1750837907724,
  "model/formatter.js": 1751177337041,
  "controller/homeView.controller.js": 1751194136661,
  "model/models.js": 1751189135470,
  "manifest.json": 1751194048221,
  "Component.js": 1750837907724,
  "model/formatter-dbg.js": 1751177337041,
  "model/formatter.js.map": 1751210267641,
  "controller/App-dbg.controller.js": 1750837907724,
  "controller/App.controller.js.map": 1751210267641,
  "controller/homeView-dbg.controller.js": 1751194136661,
  "controller/homeView.controller.js.map": 1751210267663,
  "model/models-dbg.js": 1751189135470,
  "model/models.js.map": 1751210267647,
  "Component-dbg.js": 1750837907724,
  "Component.js.map": 1751210267644,
  "Component-preload.js": 1751210267749,
  "Component-preload.js.map": 1751210267749,
  "view/fragment/listLeave.fragment.xml": 1751192848932,
  "view/fragment/list.fragment.xml": 1751179368239,
  "view/fragment/detail.fragment.xml": 1751174819317,
  "view/fragment/createLeave.fragment.xml": 1751191248777,
  "view/fragment/create.fragment.xml": 1751174819317,
  "view/homeView.view.xml": 1751189490771,
  "view/App.view.xml": 1750837907724,
  "css/style.css": 1751174819317,
  "assets/logo.png": 1750924953611,
  "i18n/i18n.properties": 1751192681971
}