{
  "assets/logo.png": 1750924953611,
  "model/models.js": 1751299675878,
  "model/formatter.js": 1751253895270,
  "controller/homeView.controller.js": 1751301172009,
  "controller/App.controller.js": 1750837907724,
  "manifest.json": 1751226356070,
  "Component.js": 1750837907724,
  "Component-dbg.js": 1750837907724,
  "Component.js.map": 1751301719124,
  "model/formatter-dbg.js": 1751253895270,
  "model/formatter.js.map": 1751301719129,
  "controller/homeView-dbg.controller.js": 1751301172009,
  "controller/homeView.controller.js.map": 1751301719155,
  "controller/App-dbg.controller.js": 1750837907724,
  "controller/App.controller.js.map": 1751301719122,
  "model/models-dbg.js": 1751299675878,
  "model/models.js.map": 1751301719130,
  "Component-preload.js": 1751301719334,
  "Component-preload.js.map": 1751301719334,
  "view/fragment/listLeave.fragment.xml": 1751299734994,
  "view/fragment/list.fragment.xml": 1751278574312,
  "view/fragment/detail.fragment.xml": 1751299102288,
  "view/fragment/createLeave.fragment.xml": 1751278574312,
  "view/fragment/create.fragment.xml": 1751278574312,
  "view/homeView.view.xml": 1751252148820,
  "view/App.view.xml": 1750837907724,
  "css/style.css": 1751174819317,
  "i18n/i18n.properties": 1751213671167,
  "index.html": 1750837907724
}