{
  "view/App.view.xml": 1751336575470,
  "manifest.json": 1751341244242,
  "model/formatter.js": 1751253895270,
  "controller/homeView.controller.js": 1751340738548,
  "controller/App.controller.js": 1750837907724,
  "model/models.js": 1751302300824,
  "Component.js": 1751336395056,
  "model/models-dbg.js": 1751302300824,
  "model/models.js.map": 1751341267857,
  "controller/homeView-dbg.controller.js": 1751340738548,
  "controller/homeView.controller.js.map": 1751341267880,
  "controller/App-dbg.controller.js": 1750837907724,
  "controller/App.controller.js.map": 1751341267850,
  "model/formatter-dbg.js": 1751253895270,
  "model/formatter.js.map": 1751341267849,
  "Component-dbg.js": 1751336395056,
  "Component.js.map": 1751341267852,
  "Component-preload.js": 1751341267977,
  "Component-preload.js.map": 1751341267977,
  "view/fragment/listLeave.fragment.xml": 1751299734994,
  "view/fragment/list.fragment.xml": 1751340251847,
  "view/fragment/detail.fragment.xml": 1751340943162,
  "view/fragment/createLeave.fragment.xml": 1751278574312,
  "view/fragment/create.fragment.xml": 1751278574312,
  "view/homeView.view.xml": 1751336565298,
  "i18n/i18n.properties": 1751213671167,
  "css/style.css": 1751174819317,
  "assets/logo.png": 1750924953611,
  "index.html": 1751336490421
}